Name,Month,Sales(USD),Sales(ETH),UniqueBuyers,Total Transactions,Avg Sales(USD),Avg Sales (ETH)
Axie Infinity,18-Mar,"$16,274.08 ",37.4801,23,72,$226.03 ,0.5206
Axie Infinity,18-Apr,"$37,826.65 ",79.2938,54,160,$236.42 ,0.4956
Axie Infinity,18-May,"$48,585.79 ",70.1157,65,253,$192.04 ,0.2771
Axie Infinity,18-Jun,"$26,872.00 ",50.3357,52,184,$146.04 ,0.2736
Axie Infinity,18-Jul,"$17,708.04 ",38.436,60,156,$113.51 ,0.2464
Axie Infinity,18-Aug,"$43,970.56 ",144.3204,76,364,$120.80 ,0.3965
Axie Infinity,18-Sep,"$56,978.75 ",263.2616,73,548,$103.98 ,0.4804
Axie Infinity,18-Oct,"$65,921.47 ",317.7555,132,613,$107.54 ,0.5184
Axie Infinity,18-Nov,"$46,352.26 ",300.7261,185,1112,$41.68 ,0.2704
Axie Infinity,18-Dec,"$24,653.02 ",224.4242,174,1730,$14.25 ,0.1297
Axie Infinity,19-Jan,"$32,231.35 ",260.965,340,2771,$11.63 ,0.0942
Axie Infinity,19-Feb,"$25,729.76 ",205.8747,259,1801,$14.29 ,0.1143
Axie Infinity,19-Mar,"$128,630.84 ",962.2252,312,2352,$54.69 ,0.4091
Axie Infinity,19-Apr,"$39,342.58 ",241.3172,319,2035,$19.33 ,0.1186
Axie Infinity,19-May,"$51,879.11 ",255.7656,357,2035,$25.49 ,0.1257
Axie Infinity,19-Jun,"$38,285.09 ",142.9102,290,1643,$23.30 ,0.087
Axie Infinity,19-Jul,"$23,286.12 ",89.7213,202,1439,$16.18 ,0.0623
Axie Infinity,19-Aug,"$10,725.92 ",53.3895,186,1451,$7.39 ,0.0368
Axie Infinity,19-Sep,"$5,410.22 ",29.3698,118,823,$6.57 ,0.0357
Axie Infinity,19-Oct,"$10,296.51 ",57.6903,174,1849,$5.57 ,0.0312
Axie Infinity,19-Nov,"$26,448.28 ",148.6318,200,1625,$16.28 ,0.0915
Axie Infinity,19-Dec,"$40,676.58 ",292.3316,323,3790,$10.73 ,0.0771
Axie Infinity,20-Jan,"$42,809.43 ",265.6963,471,3540,$12.09 ,0.0751
Axie Infinity,20-Feb,"$28,232.41 ",118.6145,382,2257,$12.51 ,0.0526
Axie Infinity,20-Mar,"$23,866.87 ",151.8516,483,2808,$8.50 ,0.0541
Axie Infinity,20-Apr,"$28,701.87 ",175.5544,415,2950,$9.73 ,0.0595
Axie Infinity,20-May,"$17,802.69 ",86.0143,425,1896,$9.39 ,0.0454
Axie Infinity,20-Jun,"$11,347.78 ",48.058,267,1032,$11.00 ,0.0466
Axie Infinity,20-Jul,"$82,373.24 ",327.1995,871,3458,$23.82 ,0.0946
Axie Infinity,20-Aug,"$176,762.97 ",445.1786,1129,3470,$50.94 ,0.1283
Axie Infinity,20-Sep,"$971,680.87 ",2743.3019,2468,8301,$117.06 ,0.3305
Axie Infinity,20-Oct,"$1,620,213.33 ",4248.9025,3934,16213,$99.93 ,0.2621
Axie Infinity,20-Nov,"$2,138,575.90 ",4520.7282,6917,30159,$70.91 ,0.1499
Axie Infinity,20-Dec,"$1,400,465.89 ",2304.4516,6011,23304,$60.10 ,0.0989
Axie Infinity,21-Jan,"$930,549.61 ",806.4552,1848,5710,$162.97 ,0.1412
Axie Infinity,21-Feb,"$1,661,326.53 ",967.6123,2038,6038,$275.15 ,0.1603
Axie Infinity,21-Mar,"$5,600,457.69 ",3228.0068,5961,18744,$298.79 ,0.1722
Axie Infinity,21-Apr,"$4,774,363.83 ",2084.3564,5215,15950,$299.33 ,0.1307
Axie Infinity,21-May,"$27,712,127.44 ",9787.0518,17416,113093,$245.04 ,0.0865
Axie Infinity,21-Jun,"$122,233,238.83 ",54256.5929,61655,435468,$280.69 ,0.1246
Axie Infinity,21-Jul,"$666,909,764.78 ",315491.1971,215089,1349597,$494.15 ,0.2338
Axie Infinity,21-Aug,"$848,183,429.85 ",277873.3477,305264,1854260,$457.42 ,0.1499
Axie Infinity,21-Sep,"$518,458,025.13 ",153665.719,320888,1819831,$284.89 ,0.0844
Axie Infinity,21-Oct,"$545,934,208.87 ",145319.9751,391627,2067429,$264.06 ,0.0703
Axie Infinity,21-Nov,"$753,987,033.42 ",169544.9978,520425,2643500,$285.22 ,0.0641
Axie Infinity,21-Dec,"$301,372,336.87 ",73385.2509,424325,1748466,$172.36 ,0.042
Axie Infinity,22-Jan,"$126,493,822.11 ",40465.5195,314642,1296870,$97.54 ,0.0312
Axie Infinity,22-Feb,"$82,566,793.30 ",28309.8478,270219,1160793,$71.13 ,0.0244
Axie Infinity,22-Mar,"$11,084,574.25 ",4043.5257,69296,210970,$52.54 ,0.0192
CryptoPunks,17-Jun,"$11,569.76 ",39.583,33,193,$59.95 ,0.2051
CryptoPunks,17-Jul,"$89,156.36 ",382.6161,61,614,$145.21 ,0.6232
CryptoPunks,17-Aug,"$15,087.92 ",55.8984,36,112,$134.71 ,0.4991
CryptoPunks,17-Sep,"$5,154.35 ",16.6547,22,63,$81.82 ,0.2644
CryptoPunks,17-Oct,"$3,041.35 ",9.7624,17,52,$58.49 ,0.1877
CryptoPunks,17-Nov,"$3,405.60 ",8.8159,23,58,$58.72 ,0.152
CryptoPunks,17-Dec,"$24,647.70 ",37.8251,66,196,$125.75 ,0.193
CryptoPunks,18-Jan,"$63,332.64 ",55.6223,53,169,$374.75 ,0.3291
CryptoPunks,18-Feb,"$5,529.04 ",6.3051,24,37,$149.43 ,0.1704
CryptoPunks,18-Mar,"$16,084.95 ",20.67,15,41,$392.32 ,0.5041
CryptoPunks,18-Apr,"$5,846.13 ",11.69,27,80,$73.08 ,0.1461
CryptoPunks,18-May,"$6,711.12 ",10.474,28,111,$60.46 ,0.0944
CryptoPunks,18-Jun,"$5,811.77 ",10.032,17,88,$66.04 ,0.114
CryptoPunks,18-Jul,$897.18 ,1.945,14,15,$59.81 ,0.1297
CryptoPunks,18-Aug,"$3,500.99 ",11.515,23,45,$77.80 ,0.2559
CryptoPunks,18-Sep,"$2,727.41 ",11.7096,18,41,$66.52 ,0.2856
CryptoPunks,18-Oct,"$5,439.65 ",25.5182,27,77,$70.64 ,0.3314
CryptoPunks,18-Nov,"$5,570.63 ",45.3592,37,71,$78.46 ,0.6389
CryptoPunks,18-Dec,"$4,507.02 ",42.5375,29,119,$37.87 ,0.3575
CryptoPunks,19-Jan,"$4,674.60 ",36.606,27,79,$59.17 ,0.4634
CryptoPunks,19-Feb,"$3,231.23 ",23.0275,25,47,$68.75 ,0.4899
CryptoPunks,19-Mar,"$7,547.25 ",54.9,25,73,$103.39 ,0.7521
CryptoPunks,19-Apr,"$13,338.80 ",79.935,30,80,$166.73 ,0.9992
CryptoPunks,19-May,"$23,985.66 ",113.7379,38,178,$134.75 ,0.639
CryptoPunks,19-Jun,"$23,922.93 ",85.55,21,153,$156.36 ,0.5592
CryptoPunks,19-Jul,"$4,965.64 ",20.1198,23,53,$93.69 ,0.3796
CryptoPunks,19-Aug,"$5,162.87 ",24.9,23,55,$93.87 ,0.4527
CryptoPunks,19-Sep,"$14,331.84 ",80.745,23,147,$97.50 ,0.5493
CryptoPunks,19-Oct,"$1,828.46 ",10.24,14,25,$73.14 ,0.4096
CryptoPunks,19-Nov,"$4,837.25 ",28.599,24,78,$62.02 ,0.3667
CryptoPunks,19-Dec,"$10,383.93 ",79.1829,41,104,$99.85 ,0.7614
CryptoPunks,20-Jan,"$65,792.45 ",440.9802,64,360,$182.76 ,1.2249
CryptoPunks,20-Feb,"$18,665.03 ",80.69,36,76,$245.59 ,1.0617
CryptoPunks,20-Mar,"$5,973.50 ",40.936,24,42,$142.23 ,0.9747
CryptoPunks,20-Apr,"$37,627.78 ",194.22,30,95,$396.08 ,2.0444
CryptoPunks,20-May,"$315,923.75 ",1522.609,108,589,$536.37 ,2.5851
CryptoPunks,20-Jun,"$40,618.46 ",173.035,46,99,$410.29 ,1.7478
CryptoPunks,20-Jul,"$32,298.13 ",123.959,46,80,$403.73 ,1.5495
CryptoPunks,20-Aug,"$51,678.37 ",130.89,51,104,$496.91 ,1.2586
CryptoPunks,20-Sep,"$2,960,678.44 ",8267.2097,292,2079,"$1,424.09 ",3.9765
CryptoPunks,20-Oct,"$1,177,527.75 ",3261.7978,146,471,"$2,500.06 ",6.9253
CryptoPunks,20-Nov,"$400,687.45 ",813.3131,58,90,"$4,452.08 ",9.0368
CryptoPunks,20-Dec,"$1,186,527.30 ",1817.4474,96,216,"$5,493.18 ",8.4141
CryptoPunks,21-Jan,"$6,094,519.47 ",4918.5759,213,501,"$12,164.71 ",9.8175
CryptoPunks,21-Feb,"$77,624,023.13 ",43928.5318,706,2096,"$37,034.36 ",20.9583
CryptoPunks,21-Mar,"$98,490,051.43 ",55991.2882,679,1440,"$68,395.87 ",38.8828
CryptoPunks,21-Apr,"$87,151,587.26 ",38684.027,525,1229,"$70,912.60 ",31.476
CryptoPunks,21-May,"$70,330,385.15 ",22005.244,406,769,"$91,456.94 ",28.6154
CryptoPunks,21-Jun,"$18,848,027.69 ",8331.914,258,387,"$48,702.91 ",21.5295
CryptoPunks,21-Jul,"$135,511,792.70 ",58523.4218,667,1396,"$97,071.48 ",41.9222
CryptoPunks,21-Aug,"$679,637,026.02 ",219203.9085,1215,2533,"$268,313.08 ",86.5392
CryptoPunks,21-Sep,"$217,668,694.65 ",64832.3575,319,521,"$417,790.20 ",124.4383
CryptoPunks,21-Oct,"$157,191,187.33 ",42075.567,244,321,"$489,692.17 ",131.0765
CryptoPunks,21-Nov,"$134,607,007.83 ",29959.7654,194,273,"$493,065.96 ",109.7427
CryptoPunks,21-Dec,"$172,224,170.40 ",42475.8613,314,489,"$352,196.67 ",86.8627
CryptoPunks,22-Jan,"$124,253,971.40 ",44933.7723,281,517,"$240,336.50 ",86.9125
CryptoPunks,22-Feb,"$91,817,734.57 ",31839.1402,157,260,"$353,145.13 ",122.4582
CryptoPunks,22-Mar,"$9,804,178.24 ",3527.28,26,48,"$204,253.71 ",73.485
Bored Ape Yacht Club,21-Apr,"$10,957.57 ",3.725,24,35,$313.07 ,0.1064
Bored Ape Yacht Club,21-May,"$17,415,716.81 ",5844.579,3269,8367,"$2,081.48 ",0.6985
Bored Ape Yacht Club,21-Jun,"$44,053,129.49 ",18957.8445,2347,5897,"$7,470.43 ",3.2148
Bored Ape Yacht Club,21-Jul,"$40,330,935.38 ",19540.8296,1538,2929,"$13,769.52 ",6.6715
Bored Ape Yacht Club,21-Aug,"$297,031,505.09 ",95125.9354,1830,3315,"$89,602.26 ",28.6956
Bored Ape Yacht Club,21-Sep,"$129,009,952.05 ",36860.3796,599,774,"$166,679.52 ",47.6232
Bored Ape Yacht Club,21-Oct,"$95,039,347.43 ",24999.356,449,559,"$170,016.72 ",44.7216
Bored Ape Yacht Club,21-Nov,"$199,311,559.42 ",44903.0088,703,908,"$219,506.12 ",49.4527
Bored Ape Yacht Club,21-Dec,"$154,787,548.72 ",38617.1789,498,597,"$259,275.63 ",64.6854
Bored Ape Yacht Club,22-Jan,"$311,152,857.91 ",105313.6814,815,1063,"$292,712.00 ",99.0721
Bored Ape Yacht Club,22-Feb,"$110,177,074.74 ",38760.6737,310,352,"$313,003.05 ",110.1156
Bored Ape Yacht Club,22-Mar,"$22,554,791.71 ",8307.5107,65,128,"$176,209.31 ",64.9024
Art Blocks,20-Nov,"$16,234.74 ",29.6611,27,105,$154.62 ,0.2825
Art Blocks,20-Dec,"$26,941.79 ",42.6032,65,225,$119.74 ,0.1893
Art Blocks,21-Jan,"$656,364.27 ",544.3721,250,1044,$628.70 ,0.5214
Art Blocks,21-Feb,"$6,580,936.58 ",3963.2073,748,3430,"$1,918.64 ",1.1555
Art Blocks,21-Mar,"$6,147,047.91 ",3660.2441,930,3161,"$1,944.65 ",1.1579
Art Blocks,21-Apr,"$4,684,628.27 ",2088.0812,691,2513,"$1,864.16 ",0.8309
Art Blocks,21-May,"$2,384,207.47 ",741.6198,457,1609,"$1,481.79 ",0.4609
Art Blocks,21-Jun,"$11,003,659.14 ",5121.6338,1098,6497,"$1,693.65 ",0.7883
Art Blocks,21-Jul,"$63,172,785.49 ",28665.2877,3272,19101,"$3,307.30 ",1.5007
Art Blocks,21-Aug,"$586,836,157.91 ",183966.8738,12075,51248,"$11,450.91 ",3.5897
Art Blocks,21-Sep,"$243,452,489.63 ",73833.9922,6268,16070,"$15,149.50 ",4.5945
Art Blocks,21-Oct,"$93,914,540.68 ",26236.1662,3419,7426,"$12,646.72 ",3.533
Art Blocks,21-Nov,"$69,255,275.41 ",15309.4126,3166,7450,"$9,296.01 ",2.055
Art Blocks,21-Dec,"$54,398,168.54 ",13500.4478,4424,12255,"$4,438.86 ",1.1016
Art Blocks,22-Jan,"$33,517,593.06 ",11368.851,2916,6435,"$5,208.64 ",1.7667
Art Blocks,22-Feb,"$23,708,219.71 ",8225.2244,2546,5654,"$4,193.18 ",1.4548
Art Blocks,22-Mar,"$4,252,236.08 ",1572.9934,542,1148,"$3,704.04 ",1.3702
Mutant Ape Yacht Club,21-Aug,"$190,682,630.79 ",58625.071,4443,7354,"$25,929.10 ",7.9719
Mutant Ape Yacht Club,21-Sep,"$86,062,090.01 ",24465.4833,2965,4242,"$20,288.09 ",5.7674
Mutant Ape Yacht Club,21-Oct,"$38,208,785.30 ",10152.0732,1637,2199,"$17,375.53 ",4.6167
Mutant Ape Yacht Club,21-Nov,"$126,198,972.88 ",28423.398,2871,4080,"$30,931.12 ",6.9665
Mutant Ape Yacht Club,21-Dec,"$136,486,183.67 ",34211.6617,2403,3352,"$40,717.84 ",10.2063
Mutant Ape Yacht Club,22-Jan,"$247,661,253.65 ",80964.3887,2802,4051,"$61,135.83 ",19.9863
Mutant Ape Yacht Club,22-Feb,"$74,561,388.55 ",26077.0923,980,1174,"$63,510.55 ",22.2122
Mutant Ape Yacht Club,22-Mar,"$11,233,689.49 ",4142.5349,176,239,"$47,002.88 ",17.3328
VeeFriends,21-May,"$1,267,822.09 ",493.1884,111,190,"$6,672.75 ",2.5957
VeeFriends,21-Jun,"$10,309,223.09 ",4449.0647,285,621,"$16,601.00 ",7.1644
VeeFriends,21-Jul,"$8,580,987.53 ",3893.637,260,521,"$16,470.23 ",7.4734
VeeFriends,21-Aug,"$28,655,570.80 ",9262.6825,498,808,"$35,464.82 ",11.4637
VeeFriends,21-Sep,"$30,350,263.37 ",8730.6044,349,468,"$64,850.99 ",18.6551
VeeFriends,21-Oct,"$9,554,622.77 ",2507.1662,165,193,"$49,505.82 ",12.9905
VeeFriends,21-Nov,"$9,979,991.86 ",2243.659,149,190,"$52,526.27 ",11.8087
VeeFriends,21-Dec,"$9,811,149.20 ",2419.5688,167,217,"$45,212.67 ",11.1501
VeeFriends,22-Jan,"$17,260,014.29 ",5360.1397,280,341,"$50,615.88 ",15.7189
VeeFriends,22-Feb,"$6,856,074.34 ",2406.5718,126,147,"$46,639.96 ",16.3712
VeeFriends,22-Mar,"$6,539,143.68 ",2451.3978,98,122,"$53,599.54 ",20.0934
CloneX,21-Dec,"$187,520,266.87 ",48430.5765,3793,6560,"$28,585.41 ",7.3827
CloneX,22-Jan,"$157,945,218.25 ",55921.0103,2950,4890,"$32,299.64 ",11.4358
CloneX,22-Feb,"$102,536,722.00 ",35668.7858,1276,1972,"$51,996.31 ",18.0876
CloneX,22-Mar,"$19,323,033.24 ",6972.5749,249,403,"$47,947.97 ",17.3017
Meebits,21-May,"$143,292,127.68 ",41594.9847,3988,12972,"$11,046.26 ",3.2065
Meebits,21-Jun,"$3,712,999.11 ",1601.9113,407,880,"$4,219.32 ",1.8204
Meebits,21-Jul,"$14,878,056.82 ",6860.5747,725,1770,"$8,405.68 ",3.876
Meebits,21-Aug,"$113,062,469.75 ",36496.6979,2242,5276,"$21,429.58 ",6.9175
Meebits,21-Sep,"$30,300,429.85 ",8651.6378,620,1118,"$27,102.35 ",7.7385
Meebits,21-Oct,"$15,280,241.37 ",4034.7815,419,756,"$20,211.96 ",5.337
Meebits,21-Nov,"$16,181,454.76 ",3663.0127,414,713,"$22,694.89 ",5.1375
Meebits,21-Dec,"$14,032,987.49 ",3406.7444,365,755,"$18,586.74 ",4.5122
Meebits,22-Jan,"$28,978,773.80 ",9343.5995,828,1317,"$22,003.62 ",7.0946
Meebits,22-Feb,"$20,929,181.21 ",7178.9626,325,475,"$44,061.43 ",15.1136
Meebits,22-Mar,"$2,343,472.67 ",875.8282,85,248,"$9,449.49 ",3.5316
Azuki,22-Jan,"$219,780,129.35 ",78822.6175,9131,18070,"$12,162.71 ",4.3621
Azuki,22-Feb,"$16,203,271.94 ",6156.4938,390,495,"$32,733.88 ",12.4374
Azuki,22-Mar,"$12,630,942.14 ",4565.3144,293,419,"$30,145.45 ",10.8957
The Sandbox,20-Feb,$213.32 ,0.8,1,1,$213.32 ,0.8
The Sandbox,20-Sep,$77.05 ,0.2,1,1,$77.05 ,0.2
The Sandbox,20-Oct,"$2,449.30 ",6.4882,1,1,"$2,449.30 ",6.4882
The Sandbox,20-Dec,$0.61 ,0.001,1,1,$0.61 ,0.001
The Sandbox,21-Jan,$958.60 ,0.7713,4,5,$191.72 ,0.1543
The Sandbox,21-Feb,"$1,545.32 ",0.795,4,4,$386.33 ,0.1988
The Sandbox,21-Mar,"$6,468.86 ",3.6,1,1,"$6,468.86 ",3.6
The Sandbox,21-Apr,$2.53 ,0.001,1,1,$2.53 ,0.001
The Sandbox,21-Jul,"$1,488,735.62 ",660.0153,433,1010,"$1,474.00 ",0.6535
The Sandbox,21-Aug,"$6,728,601.21 ",2145.3273,1885,3768,"$1,785.72 ",0.5694
The Sandbox,21-Sep,"$7,226,801.69 ",2202.4507,1889,3525,"$2,050.16 ",0.6248
The Sandbox,21-Oct,"$9,188,808.34 ",2356.3267,1951,3391,"$2,709.76 ",0.6949
The Sandbox,21-Nov,"$158,570,804.51 ",36531.1848,6561,15689,"$10,107.13 ",2.3285
The Sandbox,21-Dec,"$98,926,143.91 ",24381.1709,6869,12246,"$8,078.24 ",1.9909
The Sandbox,22-Jan,"$77,917,793.15 ",24997.4082,3841,6722,"$11,591.46 ",3.7187
The Sandbox,22-Feb,"$5,547,289.70 ",2018.3465,1534,2298,"$2,413.96 ",0.8783
The Sandbox,22-Mar,"$262,719.07 ",95.8175,427,652,$402.94 ,0.147
Cool Cats,21-Jul,"$13,952,541.10 ",6513.5898,3955,13162,"$1,060.06 ",0.4949
Cool Cats,21-Aug,"$55,390,174.37 ",17533.4024,3108,6042,"$9,167.52 ",2.9019
Cool Cats,21-Sep,"$56,689,186.11 ",17251.139,1437,2328,"$24,351.02 ",7.4103
Cool Cats,21-Oct,"$39,755,901.99 ",10866.0055,688,917,"$43,354.31 ",11.8495
Cool Cats,21-Nov,"$25,898,567.02 ",5823.6538,528,711,"$36,425.55 ",8.1908
Cool Cats,21-Dec,"$20,712,738.57 ",5157.5115,475,623,"$33,246.77 ",8.2785
Cool Cats,22-Jan,"$50,604,647.15 ",16944.5165,964,1252,"$40,419.05 ",13.534
Cool Cats,22-Feb,"$27,450,210.11 ",9660.1354,746,948,"$28,955.92 ",10.19
Cool Cats,22-Mar,"$3,757,880.65 ",1359.9383,125,182,"$20,647.70 ",7.4722
Doodles,21-Oct,"$55,951,866.82 ",14253.8743,5300,9314,"$6,007.29 ",1.5304
Doodles,21-Nov,"$50,596,485.53 ",11652.0014,2601,4181,"$12,101.53 ",2.7869
Doodles,21-Dec,"$45,819,592.67 ",11700.8913,1622,2404,"$19,059.73 ",4.8673
Doodles,22-Jan,"$112,155,330.37 ",35237.2931,1844,2714,"$41,324.73 ",12.9835
Doodles,22-Feb,"$33,303,763.02 ",11747.7337,658,792,"$42,050.21 ",14.833
Doodles,22-Mar,"$4,968,143.13 ",1816.1378,134,160,"$31,050.89 ",11.3509
Loot,21-Aug,"$27,051,891.78 ",7999.9319,1605,4497,"$6,015.54 ",1.7789
Loot,21-Sep,"$222,124,336.56 ",58692.9387,2026,4742,"$46,841.91 ",12.3773
Loot,21-Oct,"$12,067,837.96 ",3323.9868,280,545,"$22,142.82 ",6.0991
Loot,21-Nov,"$4,594,758.08 ",1038.2583,156,290,"$15,843.99 ",3.5802
Loot,21-Dec,"$4,326,248.47 ",1055.1636,175,384,"$11,266.27 ",2.7478
Loot,22-Jan,"$6,043,281.43 ",1890.2464,235,452,"$13,370.09 ",4.182
Loot,22-Feb,"$1,688,894.70 ",597.5065,102,223,"$7,573.52 ",2.6794
Loot,22-Mar,"$264,760.38 ",95.2892,16,47,"$5,633.20 ",2.0274
Sorare,19-Apr,"$2,691.33 ",16.811,25,174,$15.47 ,0.0966
Sorare,19-May,"$8,204.87 ",36.448,50,688,$11.93 ,0.053
Sorare,19-Jun,"$8,745.75 ",32.0305,48,495,$17.67 ,0.0647
Sorare,19-Jul,"$7,926.09 ",30.2556,36,401,$19.77 ,0.0755
Sorare,19-Aug,"$12,895.39 ",64.5697,37,689,$18.72 ,0.0937
Sorare,19-Sep,"$7,260.45 ",40.2818,29,452,$16.06 ,0.0891
Sorare,19-Oct,"$5,833.62 ",32.9466,50,450,$12.96 ,0.0732
Sorare,19-Nov,"$6,092.42 ",35.8743,54,420,$14.51 ,0.0854
Sorare,19-Dec,"$22,402.72 ",168.2029,99,1386,$16.16 ,0.1214
Sorare,20-Jan,"$58,316.82 ",372.526,138,2295,$25.41 ,0.1623
Sorare,20-Feb,"$138,149.58 ",560.8356,265,3504,$39.43 ,0.1601
Sorare,20-Mar,"$136,337.63 ",830.5796,253,4531,$30.09 ,0.1833
Sorare,20-Apr,"$171,409.89 ",998.366,286,5098,$33.62 ,0.1958
Sorare,20-May,"$139,177.31 ",669.6319,552,3824,$36.40 ,0.1751
Sorare,20-Jun,"$182,610.43 ",778.521,432,3957,$46.15 ,0.1967
Sorare,20-Jul,"$266,323.10 ",1039.4025,545,5073,$52.50 ,0.2049
Sorare,20-Aug,"$364,597.32 ",919.832,637,5461,$66.76 ,0.1684
Sorare,20-Sep,"$424,711.02 ",1155.61,674,5693,$74.60 ,0.203
Sorare,20-Oct,"$495,800.62 ",1328.8025,802,6971,$71.12 ,0.1906
Sorare,20-Nov,"$581,350.22 ",1233.6813,1018,7900,$73.59 ,0.1562
Sorare,20-Dec,"$794,533.07 ",1273.324,1401,9962,$79.76 ,0.1278
Sorare,21-Jan,"$2,165,935.17 ",1812.6731,2153,16753,$129.29 ,0.1082
Sorare,21-Feb,"$8,399,285.80 ",5311.4838,4301,33753,$248.85 ,0.1574
Sorare,21-Mar,"$15,343,649.93 ",9066.5935,8773,54595,$281.04 ,0.1661
Sorare,21-Apr,"$8,035,609.60 ",3557.4199,7872,40352,$199.14 ,0.0882
Sorare,21-May,"$7,287,519.41 ",2387.9127,7337,39903,$182.63 ,0.0598
Sorare,21-Jun,"$5,540,038.90 ",2407.1111,5563,27812,$199.20 ,0.0865
Sorare,21-Jul,"$8,868,266.55 ",4174.842,7026,47876,$185.23 ,0.0872
Sorare,21-Aug,"$14,944,180.75 ",4854.1564,9809,68114,$219.40 ,0.0713
Sorare,21-Sep,"$19,911,363.58 ",6123.0611,13922,115673,$172.13 ,0.0529
Sorare,21-Oct,"$20,046,739.74 ",5253.0011,17849,119452,$167.82 ,0.044
Sorare,21-Nov,"$24,916,363.27 ",5654.5549,19086,120514,$206.75 ,0.0469
Sorare,21-Dec,"$29,628,972.06 ",7322.5885,22165,172463,$171.80 ,0.0425
Sorare,22-Jan,"$35,037,874.80 ",11699.5914,28281,278492,$125.81 ,0.042
Sorare,22-Feb,"$40,603,306.33 ",14234.1288,35983,332561,$122.09 ,0.0428
Sorare,22-Mar,"$9,296,525.50 ",3390.9554,19101,88110,$105.51 ,0.0385
Parallel Alpha,21-Mar,"$45,257.03 ",26.3,3,3,"$15,085.68 ",8.7667
Parallel Alpha,21-Apr,"$73,492.96 ",31.0983,35,47,"$1,563.68 ",0.6617
Parallel Alpha,21-May,"$147,471.65 ",43.8588,30,53,"$2,782.48 ",0.8275
Parallel Alpha,21-Jun,"$131,439.24 ",56.4434,40,124,"$1,059.99 ",0.4552
Parallel Alpha,21-Jul,"$1,910,493.63 ",793.1402,304,725,"$2,635.16 ",1.094
Parallel Alpha,21-Aug,"$104,976,453.46 ",34010.8621,6400,41613,"$2,522.68 ",0.8173
Parallel Alpha,21-Sep,"$11,244,563.32 ",3202.7467,1157,3617,"$3,108.81 ",0.8855
Parallel Alpha,21-Oct,"$16,694,342.90 ",4182.3078,1977,5235,"$3,188.99 ",0.7989
Parallel Alpha,21-Nov,"$32,749,484.13 ",7358.722,4052,17934,"$1,826.11 ",0.4103
Parallel Alpha,21-Dec,"$8,070,612.37 ",2009.6969,1882,6113,"$1,320.24 ",0.3288
Parallel Alpha,22-Jan,"$31,894,817.43 ",10453.4187,4279,9186,"$3,472.11 ",1.138
Parallel Alpha,22-Feb,"$5,711,184.49 ",2019.8052,2743,6164,$926.54 ,0.3277
Parallel Alpha,22-Mar,"$1,324,572.96 ",472.6611,1342,4223,$313.66 ,0.1119
Bored Ape Kennel Club,21-Jun,"$11,055,121.81 ",5730.3135,1278,3173,"$3,484.12 ",1.806
Bored Ape Kennel Club,21-Jul,"$14,769,756.02 ",7644.0739,1761,3850,"$3,836.30 ",1.9855
Bored Ape Kennel Club,21-Aug,"$51,282,950.69 ",16465.7877,2159,4120,"$12,447.32 ",3.9966
Bored Ape Kennel Club,21-Sep,"$17,909,441.73 ",5279.8288,758,1149,"$15,586.98 ",4.5952
Bored Ape Kennel Club,21-Oct,"$5,325,218.43 ",1441.1834,411,519,"$10,260.54 ",2.7768
Bored Ape Kennel Club,21-Nov,"$16,556,429.29 ",3756.6042,783,1094,"$15,133.85 ",3.4338
Bored Ape Kennel Club,21-Dec,"$18,594,786.98 ",4626.2105,792,1110,"$16,752.06 ",4.1678
Bored Ape Kennel Club,22-Jan,"$63,447,237.89 ",20745.831,1582,2456,"$25,833.57 ",8.447
Bored Ape Kennel Club,22-Feb,"$16,359,497.29 ",5724.0555,473,626,"$26,133.38 ",9.1439
Bored Ape Kennel Club,22-Mar,"$1,988,107.39 ",737.5127,73,96,"$20,709.45 ",7.6824
CrypToadz,21-Sep,"$62,225,034.58 ",19249.8027,5001,11843,"$5,254.16 ",1.6254
CrypToadz,21-Oct,"$86,580,613.15 ",24342.1326,1350,2300,"$37,643.74 ",10.5835
CrypToadz,21-Nov,"$24,838,469.91 ",5547.1741,653,1029,"$24,138.45 ",5.3908
CrypToadz,21-Dec,"$17,237,622.63 ",4279.0417,841,1251,"$13,779.07 ",3.4205
CrypToadz,22-Jan,"$11,985,693.38 ",3896.2358,754,1021,"$11,739.17 ",3.8161
CrypToadz,22-Feb,"$3,979,122.44 ",1378.0411,365,442,"$9,002.54 ",3.1177
CrypToadz,22-Mar,"$319,404.88 ",118.861,46,59,"$5,413.64 ",2.0146
Farmers World,21-Jul,"$94,354.30 ",648643,482,1300,$72.58 ,499
Farmers World,21-Aug,"$1,074,540.21 ",4530246,1982,9200,$116.80 ,492
Farmers World,21-Sep,"$5,478,673.16 ",20696395,3653,48266,$113.51 ,429
Farmers World,21-Oct,"$45,356,208.91 ",147746085,11234,182928,$247.95 ,808
Farmers World,21-Nov,"$105,919,018.65 ",168105642,13250,303222,$349.31 ,554
Farmers World,21-Dec,"$12,144,773.11 ",23862307,14663,418386,$29.03 ,57
Farmers World,22-Jan,"$12,928,399.99 ",36582943,21773,983683,$13.14 ,37
Farmers World,22-Feb,"$10,790,836.88 ",32307816,26774,1222999,$8.82 ,26
Farmers World,22-Mar,"$754,861.73 ",2567244,9349,295570,$2.55 ,9
CyberKongz,21-Apr,"$107,834.00 ",45.8933,27,41,"$2,630.10 ",1.1193
CyberKongz,21-May,"$160,286.12 ",50.1507,25,75,"$2,137.15 ",0.6687
CyberKongz,21-Jun,"$487,030.67 ",233.2553,113,238,"$2,046.35 ",0.9801
CyberKongz,21-Jul,"$1,885,043.18 ",869.2368,190,372,"$5,067.32 ",2.3367
CyberKongz,21-Aug,"$21,061,556.80 ",6695.881,603,1007,"$20,915.15 ",6.6493
CyberKongz,21-Sep,"$33,790,813.82 ",10071.3238,802,1148,"$29,434.51 ",8.7729
CyberKongz,21-Oct,"$46,470,638.62 ",12823.6144,590,731,"$63,571.33 ",17.5426
CyberKongz,21-Nov,"$19,195,148.91 ",4303.8495,397,458,"$41,910.81 ",9.3971
CyberKongz,21-Dec,"$18,008,377.14 ",4440.7117,463,570,"$31,593.64 ",7.7907
CyberKongz,22-Jan,"$28,151,461.03 ",9587.3516,640,812,"$34,669.29 ",11.8071
CyberKongz,22-Feb,"$7,800,186.78 ",2711.9398,246,292,"$26,712.97 ",9.2875
CyberKongz,22-Mar,"$1,169,926.65 ",423.4443,33,41,"$28,534.80 ",10.3279
World Of Women,21-Jul,"$1,480,683.71 ",636.7285,1366,4072,$363.63 ,0.1564
World Of Women,21-Aug,"$45,787,732.05 ",14678.8791,4125,10241,"$4,471.02 ",1.4333
World Of Women,21-Sep,"$17,926,138.16 ",5429.0698,1082,1802,"$9,947.91 ",3.0128
World Of Women,21-Oct,"$9,499,657.73 ",2563.9654,601,879,"$10,807.35 ",2.9169
World Of Women,21-Nov,"$7,794,493.38 ",1769.5404,527,743,"$10,490.57 ",2.3816
World Of Women,21-Dec,"$5,779,506.00 ",1443.2324,426,596,"$9,697.16 ",2.4215
World Of Women,22-Jan,"$69,562,125.58 ",22060.517,1877,3135,"$22,188.88 ",7.0368
World Of Women,22-Feb,"$22,972,125.30 ",7892.8471,460,766,"$29,989.72 ",10.304
World Of Women,22-Mar,"$2,815,333.67 ",1030.9546,59,122,"$23,076.51 ",8.4504
